Filename,Serial Number,Check Number,Nomor Container,Grade
IMG_20260808_095839.jpg,468605,4,SPNU4686054,Grade : A
IMG_20260808_095839_087.jpg,946860,5,SPNU9468605,Grade : A
IMG_20260808_095845.jpg,468605,4,SPNU4686054,Grade : A
IMG_20260808_095845_993.jpg,468875,6,SPNU4688756,Grade : A
IMG_20260808_095849_728.jpg,469064,5,SPNU4690645,Grade : A
IMG_20260808_095932.jpg,Not Found,Not Found,Not Found,Not Found
IMG_20260808_095934_008.jpg,906861,0,SPNU9068610,Grade : A
IMG_20260808_095936.jpg,Not Found,Not Found,Not Found,Not Found
IMG_20260808_0959361.jpg,Not Found,Not Found,Not Found,Not Found
IMG_20260808_095940_464.jpg,904681,0,SPNU9046810,Grade : A
IMG_20260808_095951.jpg,684895,6,SPNU6848956,Grade : A
IMG_20260808_095953.jpg,684895,6,SPNU6848956,Grade : A
IMG_20260808_095955_536.jpg,561967,8,SPNU5619678,Grade : A
IMG_20260808_095959.jpg,468489,6,SPNU4684896,Grade : A
IMG_20260808_095959_189.jpg,468511,9,SPNU4685119,Grade : A
IMG_20260808_100031.jpg,Not Found,Not Found,Not Found,Not Found
IMG_20260808_100032_752.jpg,Not Found,Not Found,Not Found,Not Found
IMG_20260808_100034.jpg,Not Found,Not Found,Not Found,Not Found
IMG_20260808_100037_336.jpg,Not Found,Not Found,Not Found,Not Found
IMG_20260808_100050.jpg,977237,0,SPNU9772370,Grade : A
IMG_20260808_100052_764.jpg,037237,0,SPNU0372370,Grade : B
IMG_20260808_100053.jpg,Not Found,Not Found,Not Found,Not Found
IMG_20260808_100056_777.jpg,901603,9,SPNU9016039,Grade : A
IMG_20260808_100112_756.jpg,046799,4,SPNU0467994,Grade : B
IMG_20260808_100114.jpg,146799,0,SPNU1467990,Grade : B
IMG_20260808_100117.jpg,468530,9,SPNU4685309,Grade : A
IMG_20260808_1001171.jpg,904699,6,SPNU9046996,Grade : A
IMG_20260808_1001178.jpg,468530,9,SPNU4685309,Grade : A
IMG_20260808_100119_691.jpg,904685,3,SPNU9046853,Grade : A
IMG_20260808_100122_512.jpg,046876,0,SPNU0468760,Grade : B
IMG_20260808_100140.jpg,Not Found,Not Found,Not Found,Not Found
IMG_20260808_100143_636.jpg,Not Found,Not Found,Not Found,Not Found
IMG_20260808_100145_752.jpg,818469,2,SPNU8184692,Grade : A
IMG_20260808_100146.jpg,078469,0,SPNU0784690,Grade : B
IMG_20260808_100147_729.jpg,Not Found,Not Found,Not Found,Not Found
IMG_20260808_100203_824.jpg,275422,6,SPNU2754226,Grade : B
IMG_20260808_100205_782.jpg,233302,8,SPNU2333028,Grade : B
IMG_20260808_100258_965.jpg,046819,0,SPNU0468190,Grade : B
IMG_20260808_100301_586.jpg,468845,8,SPNU4688458,Grade : A
IMG_20260808_100328_267.jpg,660040,0,SPNU6600400,Grade : A
IMG_20260808_100347_982.jpg,468645,5,SPNU4686455,Grade : A
IMG_20260808_100351_208.jpg,468834,0,SPNU4688340,Grade : A
IMG_20260808_100355_303.jpg,Not Found,Not Found,Not Found,Not Found
IMG_20260808_100428_285.jpg,046863,0,SPNU0468630,Grade : B
IMG_20260808_100430_427.jpg,468661,0,SPNU4686610,Grade : A
IMG_20260808_100434_672.jpg,590468,0,SPNU5904680,Grade : A
IMG_20260808_100509_360.jpg,590726,2,SPNU5907262,Grade : A
IMG_20260808_100513.jpg,Not Found,Not Found,Not Found,Not Found
IMG_20260808_100513_056.jpg,Not Found,Not Found,Not Found,Not Found
IMG_20260808_100516_317.jpg,939892,8,SPNU9398928,Grade : A
IMG_20260808_100517.jpg,Not Found,Not Found,Not Found,Not Found
IMG_20260808_100529_497.jpg,059748,5,SPNU0597485,Grade : B
IMG_20260808_100531.jpg,Not Found,Not Found,Not Found,Not Found
IMG_20260808_100532_269.jpg,903292,8,SPNU9032928,Grade : A
IMG_20260808_100533.jpg,274588,3,SPNU2745883,Grade : B
IMG_20260808_100538_970.jpg,Not Found,Not Found,Not Found,Not Found
IMG_20260808_100545.jpg,Not Found,Not Found,Not Found,Not Found
IMG_20260808_100547.jpg,350231,5,SPNU3502315,Grade : A
IMG_20260808_100549_876.jpg,059111,4,SPNU0591114,Grade : B
IMG_20260808_100553_134.jpg,593501,5,SPNU5935015,Grade : A
IMG_20260808_100555.jpg,932554,8,SPNU9325548,Grade : A
IMG_20260808_100555_922.jpg,031348,6,SPNU0313486,Grade : B
IMG_20260808_100558.jpg,Not Found,Not Found,Not Found,Not Found
IMG_20260808_100601_973.jpg,321554,8,SPNU3215548,Grade : A
IMG_20260808_100605_280.jpg,Not Found,Not Found,Not Found,Not Found
IMG_20260808_100608_312.jpg,943399,5,SPNU9433995,Grade : A
IMG_20260808_100712.jpg,Not Found,Not Found,Not Found,Not Found
IMG_20260808_100714.jpg,059021,0,SPNU0590210,Grade : B
IMG_20260808_100719_149.jpg,Not Found,Not Found,Not Found,Not Found
IMG_20260808_100724_851.jpg,590226,6,SPNU5902266,Grade : A
IMG_20260808_100726.jpg,783816,5,SPNU7838165,Grade : A
IMG_20260808_100728.jpg,690368,9,SPNU6903689,Grade : A
IMG_20260808_100733_109.jpg,913881,5,SPNU9138815,Grade : A
IMG_20260808_100738_832.jpg,Not Found,Not Found,Not Found,Not Found
IMG_20260808_100744.jpg,059197,6,SPNU0591976,Grade : B
IMG_20260808_100747.jpg,Not Found,Not Found,Not Found,Not Found
IMG_20260808_100755_708.jpg,Not Found,Not Found,Not Found,Not Found
IMG_20260808_100758_466.jpg,022554,2,SPNU0225542,Grade : B
IMG_20260808_100801_292.jpg,592268,7,SPNU5922687,Grade : A
IMG_20260808_100814.jpg,043160,5,SPNU0431605,Grade : B
IMG_20260808_100816.jpg,Not Found,Not Found,Not Found,Not Found
IMG_20260808_100817_120.jpg,280160,5,SPNU2801605,Grade : B
IMG_20260808_100825_753.jpg,Not Found,Not Found,Not Found,Not Found
IMG_20260808_100832.jpg,Not Found,Not Found,Not Found,Not Found
IMG_20260808_100834.jpg,288883,7,SPNU2888837,Grade : B
IMG_20260808_100835_860.jpg,928582,9,SPNU9285829,Grade : A
IMG_20260808_100840_500.jpg,289621,5,SPNU2896215,Grade : B
IMG_20260808_100845.jpg,142000,8,SPNU1420008,Grade : B
IMG_20260808_100847.jpg,594110,7,SPNU5941107,Grade : A
IMG_20260808_100852.jpg,274904,5,SPNU2749045,Grade : B
IMG_20260808_100854.jpg,Not Found,Not Found,Not Found,Not Found
IMG_20260808_100857_760.jpg,749045,0,SPNU7490450,Grade : A
IMG_20260808_100900_671.jpg,591453,9,SPNU5914539,Grade : A
IMG_20260808_100903.jpg,280840,4,SPNU2808404,Grade : B
IMG_20260808_100903_150.jpg,593521,4,SPNU5935214,Grade : A
IMG_20260808_100905.jpg,938068,4,SPNU9380684,Grade : A
IMG_20260808_100912_250.jpg,928840,4,SPNU9288404,Grade : A
IMG_20260808_100919_140.jpg,918068,9,SPNU9180689,Grade : A
IMG_20260808_101343.jpg,Not Found,Not Found,Not Found,Not Found
IMG_20260808_101353.jpg,593933,0,SPNU5939330,Grade : A
IMG_20260808_101355.jpg,Not Found,Not Found,Not Found,Not Found
IMG_20260808_101707.jpg,211245,8,SPNU2112458,Grade : B
IMG_20260808_101708.jpg,021126,1,SPNU0211261,Grade : B
IMG_20260808_101717.jpg,059038,8,SPNU0590388,Grade : B
